<?xml version="1.0" encoding="utf-8"?>
<ObjDef xmlns="http://www.sonicretro.org" Name="Bumper" Image="bumper" RememberState="true">
  <Images>
    <ImageFromMappings id="bumper">
      <ArtFile filename="../art/nemesis/Hexagonal bumper from CNZ.bin" />
      <MapFile type="Binary" filename="../mappings/sprite/Obj_Bumper.bin" frame="0" startpal="2" />
    </ImageFromMappings>
  </Images>
  <Subtypes>
    <Subtype id="00" name="Stationary" image="bumper" />
    <Subtype id="01" name="Moving" image="bumper" />
  </Subtypes>
</ObjDef>
