<?xml version="1.0" encoding="utf-8"?>
<ObjDef xmlns="http://www.sonicretro.org" Name="Flipper" Image="horizontal">
  <Images>
    <ImageFromMappings id="horizontal">
      <ArtFile filename="../art/nemesis/Flippers.bin" />
      <MapFile type="Binary" filename="../mappings/sprite/Obj_Flipper.bin" frame="0" startpal="2" />
    </ImageFromMappings>
    <ImageFromMappings id="vertial">
      <ArtFile filename="../art/nemesis/Flippers.bin" />
      <MapFile type="Binary" filename="../mappings/sprite/Obj_Flipper.bin" frame="4" startpal="2" />
    </ImageFromMappings>
  </Images>
  <Subtypes>
    <Subtype id="00" name="Horizontal" image="horizontal" />
    <Subtype id="01" name="Vertical" image="vertial" />
  </Subtypes>
</ObjDef>
