<?xml version="1.0" encoding="utf-8"?>
<ObjDef xmlns="http://www.sonicretro.org" Name="Platform Moving in a Circle" Image="connector" DefaultSubtype="10">
  <Images>
    <ImageFromMappings id="edge">
      <ArtFile filename="LevelArt" />
      <MapFile type="Binary" filename="../mappings/sprite/Obj_LargeRotPlatform.bin" frame="0" startpal="3" />
    </ImageFromMappings>
    <ImageFromMappings id="connector">
      <ArtFile filename="LevelArt" />
      <MapFile type="Binary" filename="../mappings/sprite/Obj_LargeRotPlatform.bin" frame="1" startpal="3" />
    </ImageFromMappings>
    <ImageFromMappings id="center">
      <ArtFile filename="LevelArt" />
      <MapFile type="Binary" filename="../mappings/sprite/Obj_LargeRotPlatform.bin" frame="2" startpal="3" />
    </ImageFromMappings>
    <ImageFromMappings id="indent">
      <ArtFile filename="../art/nemesis/Large spinning wheel from MTZ - indent.bin" />
      <MapFile type="Binary" filename="../mappings/sprite/Obj_LargeRotPlatform.bin" frame="3" startpal="3" />
    </ImageFromMappings>
  </Images>
  <Subtypes>
    <Subtype id="00" name="Edge piece" image="edge" />
    <Subtype id="10" name="Connector" image="connector" />
    <Subtype id="20" name="Central platform" image="center" />
    <Subtype id="31" name="Indent" image="indent" />
  </Subtypes>
</ObjDef>
