<?xml version="1.0" encoding="utf-8"?>
<ObjDef xmlns="http://www.sonicretro.org" Name="Trigger Platform" Image="large" DefaultSubtype="B0">
  <Images>
    <ImageFromMappings id="large">
      <ArtFile filename="LevelArt" />
      <MapFile type="Binary" filename="../mappings/sprite/Obj_MTZLongPlatform_a.bin" frame="0" startpal="3" />
    </ImageFromMappings>
    <ImageFromMappings id="small">
      <ArtFile filename="LevelArt" />
      <MapFile type="Binary" filename="../mappings/sprite/Obj_MTZLongPlatform_a.bin" frame="1" startpal="3" />
    </ImageFromMappings>
    <ImageFromMappings id="cog">
      <ArtFile filename="../art/nemesis/Small cog from MTZ.bin" />
      <MapFile type="Binary" filename="../mappings/sprite/Obj_MTZLongPlatform_b.bin" frame="0" startpal="3" />
    </ImageFromMappings>
  </Images>
  <Subtypes>
    <Subtype id="04" name="Platform" image="large" />
    <Subtype id="13" name="Platform" image="small" />
    <Subtype id="20" name="Cogs" image="cog" />
    <Subtype id="80" name="Platform" image="large" />
    <Subtype id="81" name="Platform" image="large" />
    <Subtype id="82" name="Platform" image="large" />
    <Subtype id="83" name="Platform" image="large" />
    <Subtype id="85" name="Platform" image="large" />
    <Subtype id="B0" name="Platform" image="large" />
    <Subtype id="B1" name="Platform" image="large" />
    <Subtype id="B2" name="Platform" image="large" />
    <Subtype id="B3" name="Platform" image="large" />
    <Subtype id="B4" name="Platform" image="large" />
  </Subtypes>
</ObjDef>
