<?xml version="1.0" encoding="utf-8"?>
<ObjDef xmlns="http://www.sonicretro.org" Name="Diagonally-Moving Lift" Image="lift">
  <Images>
    <ImageFromMappings id="lift">
      <ArtFile filename="../art/nemesis/HTZ zip-line platform.bin" />
      <MapFile type="Binary" filename="../mappings/sprite/Obj_HTZLift.bin" frame="0" startpal="2" />
    </ImageFromMappings>
  </Images>
  <Properties>
    <BitsProperty name="Distance" type="int" startbit="0" length="8" />
  </Properties>
  <Display>
    <DisplayOption>
    <ImageRef image="lift" />
    </DisplayOption>
  </Display>
</ObjDef>
