<?xml version="1.0" encoding="utf-8"?>
<ObjDef xmlns="http://www.sonicretro.org" Name="Egg Prison" RememberState="true">
  <Images>
    <ImageFromMappings id="body">
      <ArtFile filename="../art/nemesis/Egg Prison.bin" />
      <MapFile type="Binary" filename="../mappings/sprite/Obj_EggPrison.bin" frame="0" startpal="1" />
    </ImageFromMappings>
    <ImageFromMappings id="switch">
      <ArtFile filename="../art/nemesis/Egg Prison.bin" />
      <MapFile type="Binary" filename="../mappings/sprite/Obj_EggPrison.bin" frame="4" startpal="1" />
    </ImageFromMappings>
    <ImageFromMappings id="lock">
      <ArtFile filename="../art/nemesis/Egg Prison.bin" />
      <MapFile type="Binary" filename="../mappings/sprite/Obj_EggPrison.bin" frame="5" startpal="1" />
    </ImageFromMappings>
  </Images>
  <DefaultImage>
    <ImageRef image="body" />
    <ImageRef image="switch">
      <Offset Y="-40" />
    </ImageRef>
    <ImageRef image="lock">
      <Offset Y="-24" />
    </ImageRef>
  </DefaultImage>
  <Display>
    <DisplayOption>
      <ImageRef image="body" />
      <ImageRef image="switch">
        <Offset Y="-40" />
      </ImageRef>
      <ImageRef image="lock">
        <Offset Y="-24" />
      </ImageRef>
    </DisplayOption>
  </Display>
</ObjDef>
