<?xml version="1.0" encoding="utf-8"?>
<ObjDef xmlns="http://www.sonicretro.org" Name="Platform" Image="small">
  <Images>
    <ImageFromMappings id="small">
      <ArtFile filename="LevelArt" />
      <MapFile type="Binary" filename="../mappings/sprite/Obj_FloatingPlatform_b.bin" frame="0" startpal="2" />
    </ImageFromMappings>
    <ImageFromMappings id="large">
      <ArtFile filename="LevelArt" />
      <MapFile type="Binary" filename="../mappings/sprite/Obj_FloatingPlatform_b.bin" frame="1" startpal="2" />
    </ImageFromMappings>
  </Images>
  <Subtypes>
    <Subtype id="00" name="Stationary" image="small" />
    <Subtype id="01" name="Horizontal" image="small" />
    <Subtype id="02" name="Vertical" image="small" />
    <Subtype id="03" name="Falling" image="small" />
    <Subtype id="9A" name="Large" image="large" />
  </Subtypes>
  <Properties>
    <BitsProperty name="Movement" type="PlatformMovement" startbit="0" length="2" />
    <BitsProperty name="ArtSize" displayname="Art Size" type="ArtSize" startbit="4" length="1" />
    <BitsProperty name="Solidity" type="Solid" startbit="7" length="1" />
  </Properties>
  <Enums>
    <Enum name="PlatformMovement">
      <EnumMember name="Stationary" />
      <EnumMember name="Horizontal" />
      <EnumMember name="Vertical" />
      <EnumMember name="Falling" />
    </Enum>
    <Enum name="ArtSize">
      <EnumMember name="Small" />
      <EnumMember name="Large" />
    </Enum>
    <Enum name="Solid">
      <EnumMember name="Top Solid" />
      <EnumMember name="All Solid" />
    </Enum>
  </Enums>
  <Display>
    <DisplayOption>
      <Condition property="ArtSize" value="Small" />
      <ImageRef image="small" />
    </DisplayOption>
    <DisplayOption>
      <Condition property="ArtSize" value="Large" />
      <ImageRef image="large" />
    </DisplayOption>
  </Display>
</ObjDef>
