<?xml version="1.0" encoding="utf-8"?>
<ObjDef xmlns="http://www.sonicretro.org" Name="Cycling Palette Switcher" Image="imgsmall" Debug="true">
  <Images>
    <ImageFromMappings id="imgsmall">
      <ArtFile filename="../art/nemesis/Ring.bin" />
      <MapFile type="Binary" filename="../mappings/sprite/Obj_PlaneSwitcher.bin" frame="0" startpal="1" />
    </ImageFromMappings>
    <ImageFromMappings id="imgmedium">
      <ArtFile filename="../art/nemesis/Ring.bin" />
      <MapFile type="Binary" filename="../mappings/sprite/Obj_PlaneSwitcher.bin" frame="1" startpal="1" />
    </ImageFromMappings>
    <ImageFromMappings id="imglarge">
      <ArtFile filename="../art/nemesis/Ring.bin" />
      <MapFile type="Binary" filename="../mappings/sprite/Obj_PlaneSwitcher.bin" frame="2" startpal="1" />
    </ImageFromMappings>
    <ImageFromMappings id="imgxlarge">
      <ArtFile filename="../art/nemesis/Ring.bin" />
      <MapFile type="Binary" filename="../mappings/sprite/Obj_PlaneSwitcher.bin" frame="3" startpal="1" />
    </ImageFromMappings>
  </Images>
  <Subtypes>
    <Subtype id="00" name="Small" image="imgsmall" />
    <Subtype id="01" name="Medium" image="imgmedium" />
    <Subtype id="02" name="Large" image="imglarge" />
    <Subtype id="03" name="Extra large" image="imgxlarge" />
  </Subtypes>
</ObjDef>
