<?xml version="1.0" encoding="utf-8"?>
<ObjDef xmlns="http://www.sonicretro.org" Name="Balkrie" DefaultSubtype="40" Image="img">
  <Images>
    <ImageFromMappings id="img">
      <ArtFile filename="../art/nemesis/Balkrie (jet badnik) from SCZ.bin" />
      <MapFile type="Binary" filename="../mappings/sprite/Obj_BalkiryJet.bin" frame="1" startpal="0" />
    </ImageFromMappings>
  </Images>
  <Subtypes>
    <Subtype id="40" name="Default" image="img" />
  </Subtypes>
  <Display>
    <DisplayOption>
      <ImageRef image="img" yflip="NeverFlip" />
    </DisplayOption>
  </Display>
</ObjDef>
